Upon his return , he discovered the betrayal and promptly excommunicated all the priests involved .	À son retour , il découvrit la trahison et a promptement excommunié tous les prêtres impliqués .	0-0 1-1 2-2 3-3 4-4 5-5 6-6 7-7 8-8 9-10 10-9 10-11 11-12 12-13 13-14 14-15 15-16
Snatch Bot helps users to build bots for Facebook messenger , Skype , Slack , SMS , Twitter , and other social network platforms .	SnatchBot permet aux utilisateurs de concevoir des agents conversationnels pour Facebook Messenger , Skype , Slack , SMS , Twitter et d' autres plateformes de réseaux sociaux , , .	0-0 1-0 2-1 3-3 4-4 5-5 6-6 6-7 6-8 7-9 8-10 9-11 10-12 11-13 12-14 13-15 14-16 15-17 16-18 17-19 19-20 20-21 20-22 21-26 22-24 22-25 23-23 24-29
Her parents divorced shortly after her birth .	Ses parents divorcent peu après sa naissance .	0-0 1-1 2-2 3-3 4-4 5-5 6-6 7-7
From this marriage came two sons , Steven and Werner .	De ce mariage sont nés deux enfants , Steven et Werner .	0-0 1-1 2-2 3-3 3-4 4-5 5-6 6-7 7-8 8-9 9-10 10-11
In the 19th century , Krasnoyarsk was the center of the Siberian Cossack movement .	Au XIXe siècle , Krasnoïarsk fut le centre du mouvement cosaque de Sibérie .	0-0 1-0 2-1 3-2 4-3 5-4 6-5 7-6 8-7 9-8 10-8 11-11 11-12 12-10 13-9 14-13
The new Italian government decided to confiscate many properties of the Church , including the library of the Collegio .	Le nouveau gouvernement italien décida de confisquer beaucoup de biens de l' Église , notamment la bibliothèque du Collège .	0-0 1-1 2-3 3-2 4-4 5-5 6-6 7-7 7-8 8-9 9-10 10-11 11-12 12-13 13-14 14-15 15-16 16-17 17-17 18-18 19-19
Such competition provided greater opportunity for Ukrainian Canadian children to learn to speak the Ukrainian language .	Une telle concurrence permettait une plus grande opportunité aux enfants ukraino-canadiens d' apprendre à parler la langue ukrainienne .	0-1 1-0 1-2 2-3 4-5 4-6 4-4 4-7 5-8 6-10 7-10 8-9 9-11 10-12 11-13 12-14 13-15 14-17 15-16 16-18
Quarantine can also be applied to prevent infection .	La quarantaine peut également être utilisée pour prévenir les infections .	0-0 0-1 1-2 2-3 3-4 4-5 5-6 6-7 7-8 7-9 8-10
This exchange mechanism uses lists of pre-translated questions and answers available in all EU languages .	Le mécanisme d’ échange s’ appuie sur des listes de questions - réponses pré-traduites dans toutes les langues de l’ UE .	0-0 1-2 1-3 2-1 3-4 3-5 3-6 4-7 4-8 5-9 6-13 7-10 8-11 9-12 11-14 12-15 13-18 13-19 13-20 14-16 14-17 15-21
The Member States designate national ESF management authorities that are responsible for selecting projects , disbursing funds , and evaluating the progress and results of projects .	Les États membres désignent les organismes nationaux de gestion du FSE qui sont chargées de sélectionner les projets , de redistribuer les fonds et d’ évaluer la progression et les résultats des projets .	0-0 1-2 2-1 3-3 4-6 5-9 5-10 6-7 6-8 7-4 7-5 8-11 9-12 10-13 11-14 12-15 13-16 13-17 14-18 15-20 16-21 16-22 18-23 19-25 20-26 21-27 22-28 23-29 23-30 24-31 25-31 25-32 26-33
Hostilities between Philip and John resumed immediately .	Les hostilités entre Philippe et Jean reprennent immédiatement .	0-0 0-1 1-2 2-3 3-4 4-5 5-6 6-7 7-8
Stress always falls on the last syllable of a word .	L’accent tonique tombe toujours sur l’ dernière syllabe d’ un mot .	0-0 0-1 1-3 2-2 3-4 4-5 5-6 6-7 7-8 8-9 9-10 10-11
Like the Sumatran rhino , it needs salt in its diet .	Comme le rhinocéros de Sumatra , il a besoin de sel dans son régime alimentaire .	0-0 1-1 2-3 2-4 3-2 4-5 5-5 6-7 6-8 7-10 8-11 9-12 10-13 10-14 11-15
Russia was represented by 11 football teams from 11 Russian cities that will host the FIFA World Cup matches in 2018 .	La Russie était représentée par 11 équipes de football issues des 11 villes russes qui accueilleront les matches de la Coupe du monde de football en 2018 .	0-0 0-1 1-2 2-3 3-4 4-5 5-7 5-8 6-6 7-9 7-10 8-11 9-13 10-12 11-14 12-15 13-15 14-16 15-23 15-24 16-21 16-22 17-18 17-19 17-20 18-17 19-25 20-26 21-27
The republic 's capital was Tbilisi , and its state language was Georgian .	La capitale de la Géorgie démocratique est Tiflis et sa langue est le géorgien .	0-0 1-3 1-4 1-5 2-2 3-1 4-6 5-7 7-8 8-9 10-10 11-11 12-12 12-13 13-14
Later the letter was sent to the heads of the UEFA , FIFA and IOC .	Plus tard , la lettre a été envoyée aux dirigeants de l' UEFA , de la FIFA et du CIO .	0-0 1-1 1-3 2-4 3-5 3-6 4-7 5-8 6-8 7-9 8-10 9-11 10-12 11-13 12-15 12-16 13-17 14-19 15-20
During that period , many scientists and researchers contributed significantly to the development of the theory .	Durant cette période , de nombreux scientifiques et chercheurs ont contribué de manière significative au développement de la théorie .	0-0 1-1 2-2 3-3 4-5 5-4 5-6 6-7 7-8 8-9 8-10 9-11 9-12 9-13 10-14 11-14 12-15 13-16 14-17 15-18 16-19
Information can be used and reused for commercial or non-commercial purposes .	Ces informations peuvent être utilisées et réutilisées à des fins commerciales ou non commerciales .	0-0 0-1 1-2 2-3 3-4 4-5 5-6 6-7 7-10 8-11 9-12 9-13 10-8 10-9 11-14
A referendum on independence was held from 9 to 15 January 2011 .	Ce référendum sur l' indépendance s' est tenu du 9 au 15 janvier 2011 .	0-0 1-1 2-2 3-3 3-4 4-6 5-5 5-7 6-8 9-8 9-9 8-10 9-10 0-11 10-12 11-13 12-14
On October 17 a ceasefire was signed .	Le 17 octobre , un cessez-le-feu est signé .	1-2 2-0 2-1 3-4 4-5 5-6 6-7 7-8
As the Tower was considered an impregnable fortress in a strategically important position , possession was highly valued .	Comme la tour était considérée comme une forteresse imprenable située sur une importante position stratégique , son contrôle était indispensable .	0-0 1-1 2-2 3-3 4-4 5-6 6-8 7-7 8-9 8-10 9-11 10-14 11-12 12-13 13-15 14-17 15-18 17-19 18-20
An example of such a repository is the directory of registers maintained by competent authorities throughout the European Economic Area .	Un exemple de répertoire est le répertoire des registres maintenus par les autorités compétentes à travers l’ Espace Économique Européen .	0-0 1-1 2-2 5-3 6-4 7-5 8-6 9-7 10-8 11-9 12-10 13-13 14-12 15-14 15-15 16-16 17-19 18-18 19-17 20-20
This is what the great founder of our state , Vladimir Lenin , taught us .	C’ est ce que le grand fondateur de notre État , Vladimir Lénine , nous a enseigné .	0-0 1-1 2-2 2-3 3-4 4-5 5-6 6-7 7-8 8-9 9-10 10-11 11-12 12-13 13-15 13-16 14-14 15-17
The character of Batman made his first appearance in the pages of Detective Comics # 27 in May 1939 .	Le personnage de Batman a fait sa première apparition dans les pages de Detective Comics no 27 en mai 1939 .	0-0 1-1 2-2 3-3 4-4 4-5 5-6 6-7 7-8 8-9 9-10 10-11 11-12 12-13 13-14 14-15 15-16 16-17 17-18 18-19 19-20
In America and in our country there are nuclear weapons — terrible weapons that can kill millions of people in an instant .	En Amérique et dans notre pays il y a des armes nucléaires – de terribles armes pouvant tuer des millions de gens en un instant .	0-0 1-1 2-2 3-3 4-4 5-5 6-6 6-7 7-8 8-11 9-9 9-10 10-12 11-14 12-15 13-16 14-16 15-17 16-18 16-10 17-20 18-21 19-22 20-23 21-24 22-25
When a competent authority needs information from a counterpart abroad , it can send a request for information .	Quand une autorité compétente a besoin d’ une information d’ un homologue étranger , elle peut envoyer une demande d’ information .	0-0 1-1 2-3 3-2 4-4 4-5 5-7 5-8 6-9 7-10 8-11 9-12 10-13 11-14 12-15 13-16 14-17 15-18 16-19 17-20 18-21
The family lives in New York .	La famille vit à New York .	0-0 1-1 2-2 3-3 4-4 5-5 6-6
His best result was a fourth place .	Son meilleur résultat est une 4e place .	0-0 1-1 2-2 3-3 4-4 5-5 6-6 7-7
The physical constant known as the Rydberg constant is named after him , as is the Rydberg unit .	La constante physique dite constante de Rydberg est nommée en son honneur , tout comme l' unité Rydberg .	0-0 1-2 2-1 3-3 5-4 6-5 6-6 7-4 8-7 9-8 10-9 11-10 11-11 12-12 13-14 15-15 16-17 17-16 18-18
When she was a child , she had asthma .	Pendant qu' elle était enfant , elle a souffert d' asthme .	0-0 0-1 1-2 2-3 3-4 4-4 5-5 6-6 7-7 7-8 8-10 9-11
Many important properties of physical systems can be represented mathematically as matrix problems .	De nombreuses propriétés importantes des systèmes physiques peuvent être représentés mathématiquement comme des problèmes de la matrice .	0-1 2-0 2-2 1-3 3-4 4-6 5-5 6-7 7-8 8-9 9-10 10-11 11-14 11-15 11-16 12-12 12-13 13-17
This biogeochemical cycle describes the movement of oxygen within and between its three main reservoirs on Earth : the atmosphere , the biosphere , and the lithosphere .	Ce cycle biogéochimique décrit les mouvements du dioxygène à l' intérieur et entre ses trois principaux réservoirs sur Terre : l' atmosphère , la biosphère et la lithosphère .	0-0 1-2 2-1 3-3 4-4 5-5 6-6 7-6 7-7 8-8 8-9 8-10 9-11 10-12 11-13 12-14 13-15 14-16 15-17 16-18 17-19 18-20 19-21 20-22 21-23 22-24 24-25 26-26 26-27 27-28
In this film Masuda dressed in Yamamoto 's Ready - to - wear collection .	Dans ce film , Masuda est vêtu de la collection de prêt-à-porter de Yamamoto .	0-0 1-1 2-2 3-4 4-5 4-6 5-7 6-13 7-12 8-11 9-11 10-11 11-11 12-11 13-8 13-9 14-14
Only the competent authorities that are directly involved in an information exchange can have access to the content .	Seules les autorités compétentes directement impliquées dans l’ échange d’ informations peuvent avoir accès au contenu .	0-0 1-1 2-3 3-2 6-4 7-5 8-6 9-7 10-9 10-10 11-8 12-11 13-12 14-13 15-14 16-14 17-15 18-16
Peel refused to govern under the restrictions imposed by the Queen .	Peel refusa de gouverner selon les conditions imposées par la reine .	0-0 1-1 2-2 3-3 4-4 5-5 6-6 7-7 8-8 9-9 10-10 11-11
The CIL presently consists of 17 volumes in about 70 parts , recording approximately 180,000 inscriptions .	Le CIL comporte actuellement 17 volumes avec plus de 70 fascicules et contient environ 180000 inscriptions .	0-0 1-1 2-3 3-2 4-2 5-4 6-5 7-6 8-7 8-8 9-9 10-10 12-12 13-13 14-14 15-15 16-16
As at December 2017 , over 30 million end users had engaged with chatbots built on the SnatchBot platform .	En décembre 2017 , plus de 30 millions d' utilisateurs finaux avaient discuté avec des dialogueurs construits sur la plateforme SnatchBot .	1-0 2-1 3-2 4-3 5-4 5-5 6-6 7-7 7-8 8-10 9-9 10-11 11-12 12-13 13-14 13-15 14-16 15-17 16-18 17-20 18-19 19-21
In 2000 , the church was refurbished both internally and externally .	En 2000 , l' église a été restaurée aussi bien extérieurement qu' intérieurement .	0-0 1-1 2-2 3-3 4-4 5-5 5-6 6-7 7-8 7-9 8-10 9-11 10-12 11-13
He published pictures of them in the local newspapers with their names printed across their chests , as if they were criminals .	Il a publié leurs photos avec leurs noms imprimés sur leurs poitrines dans les journaux locaux comme si ils étaient des criminels .	0-0 1-1 1-2 2-4 3-3 4-3 5-12 6-13 7-15 8-14 9-5 10-6 11-7 12-8 13-9 14-10 15-11 17-16 18-17 19-18 20-19 21-20 21-21 22-22
At the wedding of Peleus and Thetis , all the deities were invited except the goddess of discord , Eris .	Aux noces de Pélée et Thétis , tous les dieux sont conviés sauf la déesse de la Discorde , Éris .	0-0 1-0 2-1 3-2 4-3 5-4 6-5 7-6 8-7 9-8 10-9 11-10 12-11 13-12 14-13 15-14 16-15 17-16 17-17 18-18 19-19 20-20
Under the Fourth Republic ( 1946 – 1958 ) , the federation was represented in the French parliament .	Sous la IVe République ( 1946 - 1958 ) , la fédération est représentée au parlement français .	0-0 1-1 2-2 3-3 4-4 5-5 6-6 7-7 8-8 9-9 10-10 11-11 12-12 13-13 14-14 15-14 16-16 17-15 18-17
Wham ! were an English pop duo formed by George Michael and Andrew Ridgeley in 1981 .	Wham ! est un groupe de musique pop anglais , formé par George Michael et Andrew Ridgeley en 1981 .	0-0 1-1 2-2 3-3 4-8 5-5 5-6 5-7 6-4 7-10 8-11 9-12 10-13 11-14 12-15 13-16 14-17 15-18 16-19
This objective receives more than 80 % of total ESF funding .	Cet objectif reçoit plus de 80 % des financements du FSE .	0-0 1-1 2-2 3-3 4-4 5-5 6-6 7-7 9-9 9-10 10-8 11-11
Winners from previous editions are invited to perform as special guests .	Des lauréats des éditions précédentes sont invités à se produire en tant qu' invités d' honneur .	0-0 0-1 1-2 2-4 3-2 3-3 4-4 5-6 6-7 7-8 7-9 8-10 8-11 8-12 9-14 9-15 10-13 11-16
She may live up to 13 years .	Elle peut vivre jusqu’ à 13 ans .	0-0 1-1 2-2 3-3 4-4 5-5 6-6 7-7
It is mentioned for the first time in the 12th century .	Il est mentionné pour la première fois au XIIe siècle .	0-0 1-1 2-2 3-3 4-4 5-5 6-6 7-7 8-7 9-8 10-9 11-10
The oldest document , known to date , which includes the name Flambertenges , is a deed of the year 1066 .	Le document le plus ancien , connu à ce jour , qui comprend le nom Flambertenges , est un acte de l' année 1066 .	0-0 1-2 1-3 1-4 2-1 3-5 4-6 5-7 6-8 6-9 7-10 8-11 9-12 10-13 11-14 12-15 13-16 14-17 15-18 16-19 17-20 18-21 19-22 20-23 21-24
While Greenberg did not like the album , he did like Nick 's voice .	Même s' Greenberg_ n' apprécie pas le style de l' album , il admire la voix de Nick .	0-0 0-1 1-2 2-3 3-5 4-4 5-6 6-9 6-10 7-11 8-12 9-13 10-13 11-17 12-16 13-15 14-18
Leonardo 's vision was resurrected in 2001 when a smaller bridge based on his design was constructed in Norway .	La vision de Léonard a été ressuscitée en 2001 quand un petit pont conçu selon ses idées a été construit en Norvège .	0-3 1-2 2-0 2-1 3-4 3-5 4-6 5-7 6-8 7-9 8-10 9-11 10-12 11-13 12-14 13-15 14-16 15-17 15-18 16-19 17-20 18-21 19-22
IMI allows public administrations at national , regional and local level to identify their counterparts in other countries and to exchange information with them .	IMI permet aux autorités publiques aux niveaux national , régional et local d’ identifier leurs homologues dans d’ autres pays et d’ échanger des informations avec eux .	0-0 1-1 2-4 3-2 3-3 4-5 5-7 6-8 7-9 8-10 11-9 10-6 11-12 12-13 13-14 14-15 15-16 16-18 17-17 17-19 18-20 19-21 20-22 21-23 21-24 22-25 23-26 24-27
The guaraní was divided into 100 céntimos but , because of inflation , céntimos are no longer in use .	Le guaraní était divisé en 100 céntimos , mais à cause de l' inflation , les céntimos ne sont plus utilisés .	0-0 1-1 2-2 3-3 4-4 5-5 6-6 7-8 8-7 9-9 9-10 10-11 11-12 11-13 12-14 13-15 13-16 14-18 15-17 16-19 17-20 18-20 19-21
A post-war military , the Reichswehr , was established on 23 March 1921 .	L' armée d' après-guerre , la Reichswehr , avait été établie le 23 mars 1921 .	0-0 1-2 1-3 2-1 3-4 4-5 5-6 6-7 7-8 7-9 8-10 10-11 10-12 11-13 12-14 13-15
A special Commission for Financial and Administrative Affairs ( CFAA ) is also established to assist the CoR Bureau .	Une commission spéciale des affaires financières et administratives ( CAFA ) a également été créée pour assister le Bureau du CdR .	0-0 1-2 2-1 3-3 4-5 5-6 6-7 7-3 7-4 8-8 9-9 10-10 11-11 11-13 12-12 13-14 14-15 15-16 16-17 17-19 17-20 18-18 19-21
To advance his plan , Woodard traveled to the erstwhile vegetarian / feminist utopia and met with its municipal leadership .	Pour faire progresser son plan , Woodard s' est rendu à l' ancienne utopie végétarienne / féministe et a rencontré ses dirigeants municipaux .	0-0 1-1 1-2 2-3 3-4 4-5 5-6 6-7 6-8 6-9 7-10 8-11 9-12 10-14 11-15 12-16 13-13 14-17 15-18 15-19 17-20 18-22 19-21 20-23
Richness and diversity of life forms contribute to the realization of these values and are also values in themselves .	La richesse et la diversité des formes de vie contribuent à la réalisation de ces valeurs et sont également des valeurs elles-mêmes .	0-0 0-1 1-2 2-3 2-4 3-5 4-7 4-8 5-4 5-6 6-9 7-10 8-11 9-12 10-13 11-14 12-15 13-16 14-17 16-19 16-20 18-21 19-22
The movie is much different than the book .	Le film diffère grandement du livre .	0-0 1-1 2-2 3-3 4-2 5-4 6-4 7-5 8-6
Funded by the European Commission , the CoMO is responsible for the overall co-ordination of the initiative .	Financé par la Commission européenne , le CoMO est chargé de la coordination générale de l’ initiative .	0-0 1-1 2-2 3-4 4-3 5-5 6-6 7-7 8-8 9-9 10-10 11-11 12-13 13-12 14-14 15-15 16-16 17-17
Since 2010 he writes a monthly column for the magazine Joods Actueel , the most widely circulated Jewish publication in Belgium .	Depuis 2010 , il écrit une rubrique mensuelle pour le magazine ' Joods Actueel ' , le mensuel israélite le plus largement diffusé en Belgique .	0-0 1-1 2-3 3-4 4-5 5-7 6-6 7-8 8-9 9-10 10-12 11-13 12-15 13-16 14-19 14-20 15-21 16-22 17-18 18-17 19-23 20-24 21-25
Users can suggest data they think is missing on the portal and give feedback on the quality of data obtainable .	Les utilisateurs peuvent proposer des données qu’ ils estiment manquer sur le portail et donner leur avis sur la qualité des données accessibles .	0-0 0-1 1-2 2-3 3-4 3-5 4-7 5-8 6-9 7-9 7-9 8-10 9-11 10-12 11-13 12-14 13-15 13-16 14-17 15-18 16-19 17-20 18-20 18-21 19-22 20-23
The central nave is twice as wide as the side aisles .	Le vaisseau central est deux fois plus large que les collatéraux .	0-0 1-2 2-1 3-3 4-4 4-5 5-6 6-7 7-8 8-9 9-10 10-10 11-11
The roots are deep and robust .	Les racines sont profondes et persistantes .	0-0 1-1 2-2 3-3 4-4 5-5 6-6
By the time he arrived in Winnipeg , he had no allegiances to the Russian Orthodox Church or anyone else .	À son arrivée à Winnipeg , il avait aucune allégeance à l' Église russe orthodoxe ou autre .	0-0 1-0 2-0 3-1 4-2 5-3 6-4 7-5 8-6 9-7 10-8 11-9 12-10 13-11 15-14 16-12 17-15 18-16 19-16 20-17
During the festival , there were friendly football matches and other events .	Des matches de football amicaux et d' autres événements étaient au menu des festivités .	0-10 0-11 0-12 1-12 2-13 4-9 5-9 6-4 7-2 7-3 8-1 9-5 10-6 10-7 11-8 12-14
The Inuit showed Rae many objects that were identified as having belonged to Franklin and his men .	Les Inuits montrent à Rae de nombreux objets qui sont identifiés comme ayant appartenu à Franklin et ses hommes .	0-0 1-1 2-2 3-3 3-4 4-6 5-5 5-7 6-8 7-9 8-10 9-11 10-12 11-13 12-14 13-15 14-16 15-17 16-18 17-19
Yes , Samantha , we in the Soviet Union are trying to do everything so that there will not be war on Earth .	Oui , Samantha , nous en Union soviétique tâchons de tout faire pour qu’ il n’ y ait pas de guerre sur Terre .	0-0 1-1 2-2 3-3 4-4 5-5 6-6 8-6 7-7 9-8 10-8 11-9 12-11 13-10 14-12 15-13 16-14 16-16 17-17 18-15 18-18 19-17 20-20 21-21 22-22 23-23
Humans have no right to reduce this richness and diversity except to satisfy vital needs .	Les humains n' ont pas le droit de réduire cette richesse et cette diversité sauf pour satisfaire des besoins vitaux .	0-0 0-1 1-3 2-2 2-4 3-5 3-6 4-7 5-8 6-9 7-10 8-11 9-13 10-14 11-15 12-16 13-19 14-17 14-18 15-20
From 1871 it was part of the German Empire .	En 1871 , il est intégré à l' Empire allemand .	0-0 1-1 2-3 3-4 4-5 5-6 6-7 7-9 8-8 9-10
Over the years , Serchuk went to Europe several times to testify in the trials of Nazi war criminals .	Au cours des années , Sertchouk part pour l' Europe à plusieurs reprises afin de témoigner aux procès de criminels de guerre nazis .	0-0 0-1 0-2 1-2 2-3 3-4 4-5 5-6 6-7 7-8 7-9 8-11 9-12 10-13 10-14 11-15 12-16 13-16 14-17 15-18 16-22 17-20 17-21 18-19 19-23
In Greece , the event was attended by Theodoras Zagorakis , a winner of the European Football Championship 2004 with his country 's national team .	En Grèce , Theodoras Zagorakis , vainqueur du Championnat d' Europe de football 2004 avec l' équipe nationale de son pays a participé à l' événement .	0-0 1-1 2-2 3-24 4-25 5-21 6-22 8-3 9-4 10-5 12-6 13-7 14-7 15-9 15-10 16-11 16-12 17-8 18-13 19-14 20-19 21-20 22-18 23-17 24-15 24-16  25-26
The President can dissolve the National Assembly .	Le président peut dissoudre l' Assemblée nationale .	0-0 1-1 2-2 3-3 4-4 5-6 6-5 7-7
The game is won when a tile with a value of 2048 appears on the board , hence the name of the game .	La partie est gagnée lorsqu' une tuile portant la valeur « 2048 » apparaît sur la grille , d' où le nom du jeu .	0-0 1-1 2-2 3-3 4-4 5-5 6-6 7-7 8-8 9-9 11-11 12-13 13-14 14-15 15-16 16-17 17-18 17-19 18-20 19-21 20-22 21-22 22-23 23-24
I will reply to you seriously and honestly .	Je vais te répondre avec sérieux et honnêteté .	0-0 1-1 2-3 3-2 4-2 5-4 5-5 6-6 7-4 7-7 8-8
The portal is a key instrument of the EU open data strategy .	Le portail est un instrument essentiel de la stratégie de l’ UE en matière de libre accès aux données .	0-0 1-1 2-2 3-3 4-5 5-4 6-6 7-6 8-9 8-10 8-11 9-12 9-13 9-14 9-15 9-16 10-17 10-18 11-7 11-8 12-19
It is the simplest organic nitro compound .	Il est le plus simple composé organique nitré .	0-0 1-1 2-2 3-3 3-4 4-6 5-7 6-5 7-8
And thus begins their incredible journey .	Commence alors leur incroyable voyage .	1-1 2-0 3-2 4-3 5-4 6-5
He fought against the Turks in Hungary .	Il avait combattu contre les turcs en Hongrie .	0-0 1-1 1-2 2-3 3-4 4-5 5-6 6-7 7-8
Browning influenced nearly all categories of firearms design .	Browning influença presque toutes les catégories d' armes à feu .	0-0 1-1 2-2 3-3 4-4 4-5 5-6 6-7 6-8 6-9 8-10
In this capacity , he proposed a sister city relationship with Nueva Germania , Paraguay .	À ce titre , il a proposé une relation sœur avec Nueva Germania , au Paraguay .	0-0 1-1 2-2 3-3 4-4 5-5 5-6 6-7 7-8 9-8 10-10 11-11 12-12 13-13 14-15 15-16
He was known for his cruelty .	Il est réputé pour sa cruauté .	0-0 1-1 2-2 3-3 4-4 5-5 6-6
The total number of speakers of Gbe languages is between four and eight million .	Le nombre total de locuteurs de langues gbe est entre quatre et huit millions .	0-0 1-2 2-1 3-3 4-4 5-5 6-7 7-6 8-8 9-9 10-10 11-11 12-12 13-13 14-14
For the first time in ten years all of Europe was at peace .	À cette date , l' Europe se retrouva en paix pour la première fois depuis dix ans .	0-10 1-11 2-12 3-13 4-14 5-15 6-16 9-4 9-5 10-6 10-7 11-8 12-9 13-17
The Joint Research Centre of the European Commission is responsible for providing technical and scientific support to the initiative .	Le Centre commun de recherche de la Commission européenne est chargé d’ apporter un soutien technique et scientifique à l’ initiative .	0-0 1-2 2-3 2-4 3-1 4-5 5-6 6-8 7-7 8-9 9-10 10-11 11-12 12-15 13-16 14-17 15-14 16-18 17-19 18-20 19-21
UB40 are an English reggae and pop band , formed in December 1978 in Birmingham , England .	UB40 est un groupe britannique de reggae fondé en 1978 à Birmingham ( Angleterre ) .	0-0 1-1 2-2 3-4 4-5 4-6 7-3 
The Moon is Earth 's only natural satellite .	La Lune est l' unique satellite naturel de la Terre .	0-0 1-1 2-2 3-8 3-9 4-7 5-4 6-6 7-3 7-5 8-10
The Ukrainians on the prairies accepted him as a traveling holy man , a tradition which goes back to the very beginnings of Christianity .	Les Ukrainiens dans les Prairies l’ ont accepté , comme homme saint qui voyageait , une tradition qui remonte aux origines du christianisme .	0-0 1-1 2-2 3-3 4-4 5-6 5-7 6-5 7-9 9-12 9-13 10-11 11-10 12-14 13-15 14-16 15-17 16-18 17-18 18-19 19-19 21-20 22-21 23-22 24-23
In 1914 the First World War broke out .	En 1914 éclate la Première Guerre mondiale .	0-0 1-1 2-3 3-4 4-6 5-5 6-2 7-2 8-7
In 857 a chapel was built in Vlamertinge .	En 857 , une chapelle a été construite à Vlamertinge .	0-0 1-1 2-3 3-4 4-5 4-6 5-7 6-8 7-9 8-10
Competent authorities are the end users of IMI .	Les autorités compétentes sont les utilisateurs finaux d’ IMI .	0-2 1-0 1-1 2-3 3-4 4-6 5-5 6-7 7-8 8-9
Shortly after its discovery , Neptune was referred to simply as " the planet exterior to Uranus " or as " Le Verrier 's planet " .	Peu de temps après sa découverte , Neptune fut appelée simplement « la planète extérieure à Uranus » ou comme « planète Le Verrier » .	0-0 0-1 0-2 1-3 2-4 3-5 4-6 5-7 6-8 7-9 9-10 11-11 12-12 13-13 14-14 15-15 16-16 17-17 18-18 19-19 20-20 21-22 22-23 24-21 25-24 26-25
The most commonly used system for classifying the severity of croup is the Westley score .	Le système de classification de sévérité du croup le plus communément utilisé est le score de Westley .	0-0 1-8 1-9 2-10 3-11 4-1 5-2 6-3 7-4 8-5 9-6 10-6 10-7 11-12 12-13 14-14 13-15 13-16 15-17
ESF spending amounts to around 10 % of the EU 's total budget .	Les dépenses du FSE représentent environ 10 % du budget total de l’ UE .	0-2 0-3 1-0 1-1 2-4 4-5 5-6 6-7 7-8 8-8 9-12 9-13 10-11 11-10 12-9 13-14
Children with croup are generally kept as calm as possible .	Les enfants atteints de croup sont généralement gardés le plus calme possible .	0-0 0-1 1-2 1-3 2-4 3-5 4-6 5-7 6-8 7-10 8-9 9-11 10-12
This contradiction can not be resolved by classical physics .	Ce paradoxe est insoluble par la physique classique .	0-0 4-2 3-3 5-3 6-4 6-6 8-6 9-8
Euler mastered Russian and settled into life in Saint Petersburg .	Euler maîtrise assez rapidement le russe , puis il s' installe à Saint-Pétersbourg .	0-0 1-1 2-4 2-5 3-7 4-9 4-10 7-11 8-12 9-12 10-13
He has conducted wildlife requiems , including for a California Brown Pelican on the berm crest of a beach where the animal had fallen .	Il a dirigé les requiems de la faune , y compris pour un pélican brun de Californie sur le dessus du mur de sable d' une plage où l' animal était tombé .	0-0 1-1 2-2 3-5 3-6 3-7 4-3 4-4 5-8 6-9 6-10 7-11 8-12 9-15 9-16 10-14 11-13 12-17 13-18 14-20 14-21 14-22 14-23 15-19 16-24 17-25 18-26 19-27 20-28 21-29 22-30 23-31 24-32
In Moscow , with the support of the Sports Federation of the Blind , an Equal Opportunity Tournament was organized .	À Moscou , un Tournoi de l' égalité des chances a été organisé avec le soutien de la Fédération sportive des aveugles .	0-0 1-1 2-2 3-13 4-14 5-15 6-16 7-17 8-19 9-18 10-20 11-20 12-21 13-3 15-5 15-6 15-7 16-8 16-9 17-4 18-10 18-11 19-12 20-22
As the spectra of these stars vary due to the Doppler effect , they are called spectroscopic binaries .	Comme le spectre de ces étoiles varie à cause de l' effet Doppler , elles sont appelées binaires spectroscopiques .	0-0 1-1 2-2 3-3 4-4 5-5 6-6 7-7 7-8 8-9 9-10 10-12 11-11 12-13 13-14 14-15 15-16 16-18 17-17 18-19
Thus any search for evidence in favor of a hypothesis is likely to succeed .	Ainsi , toute recherche de preuve en faveur d' une hypothèse est susceptible de réussir .	0-0 1-2 2-3 3-4 4-5 5-6 6-7 7-8 8-9 9-10 10-11 11-12 12-13 13-14 14-15
It accounts for about 5 % of hospital admissions in this population .	Il représente environ 5 % des admissions à l' hôpital dans cette population .	0-0 1-1 2-1 3-2 4-3 5-4 6-5 7-7 7-8 7-9 8-6 9-10 10-11 11-12 12-13
Some astronomers believe that ring galaxies are formed when a smaller galaxy passes through the center of a larger galaxy .	Les astronomes pensent que les galaxies à anneau se forment quand une galaxie traverse le centre d' une plus grande galaxie .	0-0 1-1 2-2 3-3 4-6 4-7 5-4 5-5 6-8 7-9 8-10 9-11 11-12 12-13 13-13 14-14 15-15 16-16 17-17 18-18 18-19 19-20 20-21
Each hand had four fingers , with no thumb .	Chaque main avait quatre doigts , sans pouce .	0-0 1-1 2-2 3-3 4-4 5-5 6-6 7-6 8-7 9-8
This is how he made the majority of his income .	C' est ainsi qu' il a réalisé la plus grosse partie de sa fortune .	0-0 1-1 2-2 3-4 4-5 4-6 5-7 6-8 6-9 6-10 7-11 8-12 9-13 10-14
The soil should be well drained .	Le sol doit être bien drainé .	0-0 1-1 2-2 3-3 4-4 5-5 6-6
On the third floor ideas for a more peaceful future should be worked out .	Au deuxième étage doivent être élaborées des idées pour un avenir de paix .	0-0 1-0 2-1 3-2 4-6 4-7 5-8 6-9 8-11 8-12 9-10 10-3 11-4 12-5 13-5 14-13
The level of ESF funding differs from one region to another depending on their relative wealth .	Le niveau de financement du FSE est variable d’ une région à l’ autre et dépend de sa richesse relative .	0-0 1-1 2-2 3-4 3-5 4-3 5-6 5-7 6-8 7-9 8-10 9-11 10-12 10-13 11-15 12-16 13-17 14-19 15-18 16-20
Ancient Romans boiled soured wine to produce a highly sweet syrup called sapa .	Les anciens Romains faisaient bouillir le « vin aigre » pour produire un sirop très sucré appelé sapa .	0-1 1-0 1-2 2-3 2-4 3-8 4-5 4-7 5-10 6-11 7-12 8-14 9-15 10-13 11-16 12-17 13-18
It consumed 13,200 houses , 87 parish churches , St Paul 's Cathedral , and most of the buildings of the City authorities .	Il brûle 13,200 maisons , 87 églises paroissiales , la cathédrale Saint-Paul , et la majorité des bâtiments publics de la Cité .	0-0 1-1 2-2 3-3 4-4 5-5 6-7 7-6 8-8 9-11 10-11 11-11 12-9 12-11 13-12 14-13 15-14 15-15 16-16 17-16 18-17 19-19 20-20 21-21 23-22
From the portal , users can access data published on the websites of the various institutions , agencies and other bodies of the EU .	À partir du portail , les utilisateurs peuvent accéder aux données publiées sur les sites web des institutions , agences et autres organes de l’ UE .	0-0 0-1 0-2 1-2 2-3 3-4 4-5 4-6 5-7 6-8 7-10 8-11 9-12 10-13 11-14 11-15 12-16 13-16 15-17 16-18 17-19 18-20 19-21 20-22 21-23 22-24 23-25 24-26
I just want to do God 's will .	Je veux juste accomplir la volonté de Dieu .	0-0 1-2 2-1 3-1 4-3 5-7 6-6 7-4 7-5 8-8
With treatment , less than 0.2 % of children require endotracheal intubation .	Sous traitement , moins de 0,2 % des enfants requièrent une intubation endotrachéale .	0-0 1-1 2-2 3-3 4-4 5-5 6-6 7-7 8-7 8-8 9-9 10-12 11-10 11-11 12-13
Exempla are drawn from daily life .	Des exemples sont tirés de la vie quotidienne .	0-0 0-1 1-2 2-3 3-4 4-7 5-5 5-6 6-8
A single dose is usually all that is required , and is generally considered to be quite safe .	Une dose unique est habituellement suffisante , et considérée comme inoffensive .	0-0 1-2 2-1 3-3 4-4 5-5 6-5 7-5 8-5 9-6 10-7 11-3 13-8 14-9 16-9 17-10 18-11
During the Industrial Revolution , the life expectancy of children increased dramatically .	Au cours de la révolution industrielle , l' espérance de vie des enfants a augmenté de façon spectaculaire .	0-0 0-1 0-2 1-3 2-5 3-4 4-6 5-7 6-9 6-10 7-8 8-11 9-12 10-13 10-14 11-15 11-16 11-17 12-18
On this day , friendly matches , flash mobs , radio marathons , master classes , television shows , open training sessions , etc. took place .	Ce jour -là , des matches amicaux , des rassemblements éclair , des marathons radio , des master class , des émissions télévisées , des sessions d' entraînement publiques , etc. ont eu lieu .	1-0 1-2 2-1 3-3 4-6 5-5 6-7 7-10 8-9 9-11 10-14 11-13 12-15 13-17 14-18 15-19 16-22 17-21 18-23 19-18 20-26 20-27 21-25 22-19 23-30 24-31 24-32 25-33 26-34
Resolutions enable the Committee to express its view on important and topical issues .	Les résolutions permettent au CdR d' exprimer son point de vue sur des sujets importants ou des questions d' actualité .	0-0 0-1 1-2 2-3 3-4 4-5 5-6 6-7 7-8 7-9 7-10 8-11 9-14 10-15 11-18 11-19 12-12 12-13 12-16 12-17 13-20
Most of the data accessible via the EU Open Data Portal are covered by the legal notice of the Europa website .	La plupart des données accessibles au moyen du portail des données ouvertes de l’ UE sont couvertes par l’ avis juridique du site web Europa .	0-0 0-1 1-2 2-2 3-3 4-4 5-5 5-6 5-7 6-7 7-12 7-13 7-14 8-11 9-9 9-10 10-8 11-15 12-16 13-17 14-18 15-20 16-19 17-21 18-21 19-24 20-23 21-25
The castle had changed owners several times .	Le château changea plusieurs fois de propriétaires .	0-0 1-1 2-2 3-2 4-6 5-3 6-4 7-7
The accounts of his death are contradictory .	Les anecdotes sur sa mort sont contradictoires .	0-0 1-1 2-2 3-3 4-4 5-5 6-6 7-7
This book is well known and loved in our country by all boys and girls .	Ce livre est connu et apprécié aussi dans notre pays par tous les petits garçons et toutes les petites filles .	0-0 1-1 2-2 4-3 5-4 6-5 7-7 8-8 9-9 10-10 11-11 11-16 12-12 12-13 12-14 13-15 14-17 14-18 14-19 15-20
He also had his own publishing house and a bookshop .	Il eut aussi sa propre maison d' édition et une librairie .	0-0 1-2 2-1 3-3 4-4 5-6 5-7 6-5 7-8 8-9 9-10 10-11
The strategy defines the objectives of ESF funding , which it shares partly or wholly with other structural funding .	La stratégie du FSE définit les objectifs de ses financements , objectifs qu’ il partage pour tout ou partie avec les autres Fonds structurels .	0-0 1-1 2-4 3-5 4-6 5-7 6-2 6-3 7-9 8-10 9-11 9-12 10-13 11-14 12-15 12-18 13-17 14-15 14-16 15-19 16-20 16-21 17-23 18-22 19-24
During intercourse , the male will seize the skin of the neck of the female with his teeth .	Durant l' acte sexuel , le mâle saisit la peau du cou de la femelle entre ses dents .	0-0 1-1 1-2 1-3 2-4 3-5 4-6 5-7 6-7 7-8 8-9 9-10 10-10 11-11 12-12 13-13 14-14 15-15 16-16 17-17 18-18
The outermost layer of the atmosphere contains crystals of frozen ammonia .	La couche la plus externe de la haute atmosphère contient des cristaux d' ammoniac .	0-0 1-2 1-3 1-4 2-1 3-5 4-6 5-8 6-9 7-10 7-11 8-10 10-13 11-14
We want peace for ourselves and for all peoples of the planet .	Nous voulons la paix pour nous-mêmes et pour tous les peuples de cette planète .	0-0 1-1 2-2 2-3 3-4 4-5 5-6 6-7 7-8 8-9 8-10 9-11 10-12 11-13 12-14
The main source of light on Earth is the Sun .	La source de lumière sur Terre est généralement le soleil .	0-0 1-7 2-1 3-2 4-3 5-4 6-5 7-6 8-8 9-9 10-10
In the autumn of 2004 , Princess began a course in ethnology at the same university .	À l' automne 2004 , la princesse a commencé un cours en ethnologie à la même université .	0-0 1-1 2-2 4-3 5-4 6-5 6-6 7-7 7-8 8-9 9-10 10-11 11-12 12-13 13-14 14-15 15-16 16-17
The only major cities to escape destruction were Novgorod and Pskov .	Les seules villes importantes qui échappent à la destruction sont Novgorod et Pskov .	0-0 1-1 2-3 3-2 4-4 5-5 6-7 6-8 7-9 8-10 9-11 10-12 11-13
The ceremony is recorded by the Dutch public broadcasting channel NOS / NTR and broadcast through NED3 .	La cérémonie est enregistrée par la chaîne publique néerlandaise NOS / NTR et diffusée via NET3 .	0-0 1-1 2-2 3-3 4-4 5-5 6-8 7-7 9-6 10-9 11-10 12-11 13-12 14-13 15-14 16-15 17-16
Perth is the capital of Western Australia .	Perth est la capitale d' Australie -[6 Occidentale .	0-0 1-1 2-2 3-3 4-4 5-7 6-5 7-8
Founded in Winnipeg , it had no affiliation with any church in Europe .	Fondée à Winnipeg , elle n' avait aucune affiliation avec les églises en Europe .	0-0 1-1 2-2 3-3 4-4 5-6 6-5 6-7 7-8 8-9 9-10 10-11 11-12 12-13 13-14
They have a mild , sweet odor .	Elles dégagent un léger parfum très doux .	0-0 1-1 2-2 3-3 5-6 6-4 7-7
Tokyo MX was founded on April 30 , 1993 , and broadcasts commenced on November 1 , 1995 .	Tokyo MX a été fondé le 30 avril 1993 , et les premières diffusions ont commencé le 1er novembre 1995 .	0-0 1-1 2-2 2-3 3-4 5-7 6-5 6-6 8-8 0-0 10-10 11-11 11-13 12-14 12-15 14-18 15-16 15-17 17-19 18-20
His family life was not happy .	Sa vie familiale n' est guère heureuse .	0-0 1-2 2-1 3-4 4-3 4-5 5-6 6-7
The EU Open Data Portal is the point of access to public data published by the EU institutions , agencies and other bodies .	Le portail des données ouvertes de l’ UE constitue le point d' accès aux données publiées par les institutions , agences et autres organes de l’ UE .	0-0 1-5 1-6 1-7 2-4 3-2 3-3 4-1 5-8 6-9 7-10  8-11 9-12 10-13 11-15 12-13 12-14 14-16 15-17 16-24 16-26 17-18 18-19 19-20 20-21 21-22 22-23 23-27
Further investigations , such as blood tests , X-rays , and cultures , are rarly needed .	Des recherches plus poussées , comme les tests sanguins , radiographies ou cultures sont rarement indispensables .	0-2 0-3 1-0 1-1 2-4 3-5 4-5 5-8 6-6 6-7 7-9 8-10 10-11 11-12 13-13 14-14 15-15 16-16
Financial difficulties forced him to abandon his studies .	Des difficultés financières le forcent à interrompre ses études .	0-2 1-0 1-1 2-4 3-3 4-5 5-6 6-7 7-8 8-9
Pioneer 10 and Pioneer 11 both contain plaques that give pictorial information about their time and place of origin .	Pioneer 10 et Pioneer 11 ont tous les deux emporté des plaques montrant en images leur temps et lieu d’ origine .	0-0 1-1 2-2 3-3 4-4 5-6 5-7 5-8 6-5 6-9 7-10 7-11 8-12 9-12 10-13 10-14 13-15 14-16 15-17 16-18 17-19 18-20 19-21
The European Social Agenda also plays a role in shaping the priorities of ESF spending .	L’ Agenda social européen joue également un rôle dans la définition des priorités d’ allocation des fonds du FSE .	0-0 1-3 2-2 3-1 4-5 5-4 6-6 7-7 8-8 9-9 9-10 10-11 11-12 12-13 13-15 13-16 13-17 13-18 14-14 15-19
Its seeds are dispersed by ants .	Ses fruits sont disséminés par les fourmis .	0-0 1-1 2-2 3-3 4-4 5-5 5-6 6-7
Lee was forced to change his plans .	Lee est contraint de changer ses plans .	0-0 1-1 2-2 3-3 4-4 5-5 6-6 7-7
The first performance was given on 14 December 1918 at the Metropolitan Opera in New York City .	L' opéra fut donc créé le 14 décembre 1918 au Metropolitan Opera de New York .	0-0 2-1 3-2 4-4 6-5 6-6 7-7 8-8 9-9 10-9 11-10 12-11 13-12 14-13 15-14 17-15
It is separated from the Kremlin by Red Square .	Il est séparé du Kremlin par la place Rouge .	0-0 1-1 2-2 3-3 4-3 5-4 6-5 7-8 8-6 8-7 9-9
His father was a shoe maker .	Son père était cordonnier .	0-0 1-1 2-2 3-3 4-3 5-3 6-4
The other principal character was Bishop Seraphim , whose real name was Stefan Ustvolsky .	L' autre personnage principal était l' évêque Seraphim , du quel le vrai nom était Stefan Ustvolsky .	0-0 1-1 2-3 3-2 4-4 5-5 5-6 6-7 7-8 8-9 8-10 9-12 10-11 10-13 11-14 12-15 13-16 14-17
IMI was launched in February 2008 .	IMI a été lancé en février 2008 .	0-0 1-1 1-2 2-3 3-4 4-5 5-6 6-7
In Roman mythology , Neptune was the god of the sea .	Dans la mythologie romaine , Neptune était le dieu de la mer .	0-0 1-3 2-1 2-2 3-4 4-5 5-6 6-7 7-8 8-9 9-10 10-11 11-12
The 1916 Olympics were awarded to Berlin , but canceled due to the First World War .	Les jeux de 1916 prévus à Berlin furent annulés en raison de la Première Guerre mondiale .	0-0 1-3 2-1 3-4 4-3 5-5 6-6 9-7 9-8 10-9 10-10 11-11 12-12 13-13 14-15 15-14 16-16
The gas is heavier than air .	Ce gaz est plus lourd que l' air .	0-0 1-1 2-2 3-3 3-4 4-5 5-6 5-7 6-8
The Moon illusion is an optical illusion which causes the Moon to appear larger near the horizon than it does higher up in the sky .	L’ illusion lunaire est une illusion d’ optique qui fait apparaître la lune plus grosse près de l’ horizon que lorsqu’ elle se trouve haut dans le ciel .	0-0 1-2 2-1 3-3 4-4 5-6 5-7 6-5 7-8 8-9 9-11 10-12 11-10 12-10 13-13 13-14 14-15 14-16 15-17 16-18 17-19 18-21 19-22 19-23 20-24 21-24 22-25 23-26 24-27 25-28
Red Bull owns two teams in Formula One , Red Bull Racing and Scuderia Toro Rosso .	Red Bull possède deux écuries de Formule 1 , Red Bull Racing et Scuderia Toro Rosso .	0-0 1-1 2-2 3-3 4-4 5-5 6-6 7-7 8-8 9-9 10-10 11-11 12-12 13-13 14-14 15-15 16-16
It is one of the six official languages of the United Nations .	Elle est l' une des six langues officielles des Nations unies .	0-0 1-1 2-2 2-3 3-4 4-4 5-5 6-7 7-6 8-8 9-8 10-10 11-9 12-11
He remained active in and around Paris until around 1848 when he retired from the musical scene .	Il est resté actif dans et autour de Paris jusque vers 1848 , puis il s' est retiré de la scène musicale .	0-0 1-1 1-2 2-3 3-4 4-5 5-6 5-7 6-8 7-9 8-10 9-11 10-13 11-14 12-15 12-16 12-17 13-18 14-19 15-21 16-20 17-22
In September 1996 the Taliban captured Kabul .	Les talibans prennent Kaboul en septembre 1996 .	0-4 1-5 2-6 3-0 4-1 5-2 6-3 7-7
In rare cases , it may occur in children between 3 months and 15 years .	Dans de rares cas , il peut survenir chez des enfants entre 3 mois et 15 ans .	0-0 1-2 2-1 2-3 3-4 4-5 5-6 6-7 7-8 8-9 8-10 9-11 10-12 11-13 12-14 13-15 14-16 15-17
This serpent may survive more than one year without feeding .	Ce serpent peut rester pendant plus d' un an sans se nourrir .	0-0 1-1 2-2 3-3 4-5 5-6 6-7 7-8 8-9 9-10 9-11 10-12
Leaders of both parties tried to stop the fighting by calling dozens of truces .	Les dirigeants des deux parties tentent d' arrêter les combats instituant des dizaines de trêves .	0-0 0-1 1-2 2-3 3-4 4-5 5-6 6-7 7-8 8-9 9-10 10-10 11-11 11-12 12-13 13-14 14-15
The entire household , including servants , would ideally dine together .	L' ensemble du foyer , dont les serviteurs , dînaient généralement ensemble .	0-0 1-1 2-2 2-3 4-5 5-6 5-7 6-8 7-9 8-10 9-9 10-11 11-12
In 1885 , Toppan began training to be a nurse at Cambridge Hospital .	En 1885 , Toppan débuta sa formation pour devenir une infirmière à l’ hôpital de Cambridge .	0-0 1-1 2-2 3-3 4-4 5-5 5-6 6-7 7-8 8-9 9-10 10-11 11-14 11-15 12-12 12-13 13-16
He spent 108 days in jail between his arrest and trial on December 22 , 1930 .	Il passa 108 jours en prison entre son arrestation et son jugement , le 22 décembre 1930 .	0-0 1-1 2-2 3-3 4-4 5-5 6-6 7-7 8-8 9-9 10-11 12-15 13-13 13-14 15-16 16-17
A link to these conditions can be found for each dataset .	Un lien vers ces conditions est disponible pour chaque jeu de données .	0-0 1-1 2-2 3-3 4-4 5-5 6-5 7-6 8-7 9-8 10-9 10-10 10-11 11-12
This glottal stop is never written at the beginning of a word .	Cet arrêt glottal ne s' écrit jamais en début de mot .	0-0 1-2 2-1 3-4 4-3 4-6 5-5 6-7 7-8 8-8 9-9 10-10 11-10 12-11
In March 1994 the CoR holds its first plenary session in Brussels .	Le CdR tient sa première session plénière en mars 1994 à Bruxelles .	0-7 1-8 2-9 3-1 4-1 5-2 6-3 7-4 8-6 9-5 10-10 11-11 12-12
Developmental biology studies the process by which organisms grow and develop .	La biologie du développement est l' étude des processus par lesquels les organismes croissent et se développent .	0-2 0-3 1-0 1-1 2-4 2-5 2-6 3-7 4-8 5-9 6-10 7-11 7-12 8-13 9-14 10-15 10-16 11-17
The majority of the population are Catholic .	La plus grande partie de la population est catholique .	0-0 1-1 1-2 1-3 2-4 3-5 4-6 5-7 6-8 7-9
Endoparasites live inside the body of the host .	Des endoparasites vivent au sein de l' organisme de l' hôte .	0-0 0-1 1-2 2-3 2-4 2-5 3-6 4-7 5-8 6-9 7-10 8-11
His successor , Ratchis , declared the duchies of Spoleto and Benevento foreign countries where it was forbidden to travel without royal permission .	Son successeur , Ratchis , déclare les duchés de Spolète et de Bénévent pays étrangers où il est désormais interdit de voyager sans autorisation royale .	0-0 1-1 2-2 3-3 4-4 5-5 6-6 7-7 8-8 9-9 10-10 8-11 11-12 12-14 13-13 14-15 15-16 16-17 17-19 18-20 19-21 20-22 21-24 22-23 23-25
It is also capable of engaging more targets simultaneously .	Elle est capable d' accrocher plusieurs cibles simultanément .	0-0 1-1 3-2 4-3 5-4 6-5 7-6 8-7 9-8
Einhard states that Gisela had been dedicated to religion since her childhood .	Eginhard déclare que Gisela était destinée à la religion depuis l' enfance .	0-0 1-1 2-2 3-3 4-4 5-4 6-5 7-6 8-7 8-8 9-9 10-10 11-11 12-12
Woodard is known for his replicas of the Dreamachine , a mildly psychoactive lamp , which have been exhibited in art museums throughout the world .	Woodard est connu pour ses répliques de la Dreamachine , une lampe un peu psychoactive , exposée dans les musées d' art du monde entier .	0-0 1-1 2-2 3-3 4-4 5-5 6-6 7-7 8-8 9-9 10-10 11-12 11-13 12-14 13-11 14-15 15-16 16-16 17-16 17-16 19-17 20-20 20-21 21-18 21-19 22-22 22-24 23-22 24-23 25-25
The Intel 4040 microprocessor was the successor to the Intel 4004 .	L’ Intel 4040 est le successeur de l' Intel 4004 .	0-0 1-1 2-2 4-3 5-4 6-5 7-6 8-7 9-8 10-9 11-10
In 1994 , Lisbon was the European Capital of Culture .	Lisbonne est Capitale européenne de la culture en 1994 .	0-7 1-8 3-0 4-1 5-2 6-3 7-2 8-4 9-5 9-6 10-9
Pre-translated questions and answers as well as machine translation make it possible for them to use their own language to communicate .	Des questions et réponses pré-traduites ainsi qu’ un outil de traduction automatique leur permettent d’ utiliser leur propre langue pour communiquer .	0-4 1-0 1-1 2-2 3-3 4-5 5-4 6-6 7-11 8-7 8-8 8-9 8-10 9-13 10-13 11-13 12-12 13-12 14-14 15-15 16-16 17-17 18-18 19-19 20-20 21-21
His early works are influenced by Expressionism .	Ses premiers tableaux sont influencés par l' expressionnisme .	0-0 1-1 2-2 3-3 4-4 5-5 6-6 6-7 7-8
Jupiter is the fifth planet from the Sun and the largest in the Solar System .	Jupiter est la cinquième et la plus grosse planète du système solaire .	0-0 1-1 2-2 3-3 4-8 8-4 9-5 10-6 10-7 11-9 12-9 13-11 14-10 15-12
Heyerdahl advanced a theory according to which the Canaries had been bases of ancient shipping between America and the Mediterranean .	Heyerdahl postule que les Canaries servaient de base pour les navires naviguant entre la Méditerranée et l’ Amérique .	0-0 1-1 2-1 3-1 4-2 5-2 6-2 7-3 8-4 9-5 10-5 11-7 12-8 14-9 14-10 14-11 15-12 16-16 16-17 17-15 18-13 19-14 20-18
By 1903 the Ukrainian immigrant population in Western Canada had become large enough to attract the attention of religious leaders , politicians , and educationalists .	À compter de 1903 , la population d’ immigrants ukrainiens dans l' Ouest du Canada était devenue suffisamment importante pour attirer l' attention des dirigeants religieux , des politiciens et des éducateurs .	0-0 0-1 0-2 1-3 2-5 3-9 3-7 4-8 5-6 6-10 7-11 7-12 18-13 18-14 9-15 10-16 11-18 12-17 13-19 14-20 15-21 16-22 17-23 18-25 19-23 19-24 20-26 21-27 21-28 23-29 24-30 24-31 25-32
1024 is the natural number following 1023 and preceding 1025 .	Le nombre 1024 ( mille vingt-quatre ) est l' entier naturel suivant 1023 et précédant 1025 .	0-2 1-7 2-8 3-10 4-9 5-11 6-12 7-13 8-14 9-15 10-16
The license must not discriminate against any person or group of persons .	La licence ne doit pas discriminer une personne ou un groupe de personnes .	0-0 1-1 2-3 3-2 3-4 4-5 6-6 7-7 8-8 9-9 9-10 10-11 11-12 12-13
It uses Virtuoso as an RDF database and has a SPARQL endpoint .	Il utilise Virtuoso comme base de données RDF et dispose d' un point de terminaison SPARQL .	0-0 1-1 2-2 3-3 5-7 6-4 6-5 6-6 7-8 8-9 9-11 10-15 11-12 11-13 11-14 12-16
He usually plays as left - wing .	Il joue habituellement comme ailier gauche .	0-0 1-2 2-1 3-3 4-5 6-4 7-6
Once the strategy and budget allocation have been agreed , a shared approach to programming is taken .	Une fois la stratégie et l’ allocation budgétaire décidées , la programmation fait l’ objet d’ une approche partagée .	0-0 0-1 1-2 2-3 3-4 4-7 5-5 5-6 6-8 7-8 8-8 9-9 10-16 11-18 12-17 13-15 14-10 14-11 15-12 16-13 16-14
The situation led to tension and caused disputes between the two parties .	Cette situation entraîna des tensions et des problèmes entre les deux populations .	0-0 1-1 2-2 3-2 4-3 4-4 5-5 6-2 7-6 7-7 8-8 9-9 10-10 11-11 12-12
Nonkilling refers to the absence of killing , threats to kill , and conditions conducive to killing in human society .	Le non-meurtre se réfère à l' absence de meurtres intentionnels , les menaces de tuer , et les conditions propices aux meurtres intentionnels dans la société humaine .	0-1 0-1 1-2 1-3 2-4 3-5 4-6 5-7 6-8 6-9 7-10 8-11 8-12 9-13 10-14 11-15 12-16 13-17 13-18 14-19 15-20 16-20 16-21 16-22 17-23 18-26 19-24 19-25 20-27
It may be applied to animals or plants .	Il peut être utilisé contre les animaux ou les plantes .	0-0 1-1 2-2 3-3 4-4 5-5 5-6 6-7 7-8 7-9 8-10
A graph that contains a Hamiltonian cycle is called a Hamiltonian graph .	Un graphe qui contient un cycle hamiltonien est appelé graphe hamiltonien .	0-0 1-1 2-2 3-3 4-4 5-6 6-5 7-7 8-8 10-10 11-9 12-11
It is one of largest stars known .	Elle est l' une des plus grandes étoiles connues .	0-0 1-1 2-2 2-3 3-4 4-5 4-6 5-4 5-7 6-8 7-9
After the war , the town was rebuilt .	Après la guerre , la ville fut reconstruite .	0-0 1-1 2-2 3-3 4-4 5-5 6-6 7-7 8-8
As croup worsens , stridor may decrease considerably .	Tandis que le croup s' aggrave , le stridor peut décroître considérablement .	0-0 0-1 1-2 1-3 2-4 2-5 3-6 4-7 4-8 5-9 6-10 7-11 8-12
It was even equipped with a radar .	Il est aussi équipé d' une installation radar .	0-0 1-1 2-2 3-3 4-4 5-5 6-6 6-7 7-8
This holiday was celebrated for the first time in 2014 in 16 countries .	En 2014 , cette fête a été célébrée pour la première fois dans 16 pays .	0-3 1-4 2-5 2-6 3-7 4-8 5-9 6-10 7-11 8-0 9-1 10-12 11-13 12-14 13-15
The initial objective was the definition of XML Standard for trademark information exchange .	L’ objectif initial a été la définition du standard XML pour l’ échange des données associées aux marques .	0-0 1-2 2-1 3-3 3-4 4-5 5-6 6-7 7-9 8-7 8-8 9-10 10-15 10-16 10-17 11-13 11-14 12-11 12-12 13-18
The film was nominated for three Oscars .	Le film a été nommé pour trois Oscars .	0-0 1-1 2-2 2-3 3-4 4-5 5-6 6-7 7-8
You write that you are anxious about whether there will be a nuclear war between our two countries .	Tu écris que tu es inquiète de l’ éventualité d’ une guerre nucléaire entre nos deux pays .	0-0 1-1 2-2 3-3 4-4 5-5 6-6 7-8 8-8 9-8 10-8 11-10 12-12 13-11 14-13 15-14 16-15 17-16 18-17
Catalonia consists of four provinces : Barcelona , Girona , Lleida , and Tarragona .	La Catalogne est divisée en quatre provinces : Barcelone , Gérone , Lérida et Tarragone .	0-0 0-1 1-2 1-3 2-4 3-5 4-6 5-7 6-8 7-9 8-10 9-11 10-12 12-13 13-14 14-15
There is one national IMI coordinator ( NIMIC ) per Member State , often located in a national ministry .	Il y a un coordinateur national par État membre , souvent localisé dans un ministère national .	0-0 0-1 1-2 2-3 3-5 5-4 9-6 10-8 11-7 12-9 13-10 14-11 15-12 16-13 17-15 18-14 19-16
Uranus has 27 known natural satellites .	Uranus possède 27 satellites naturels connus .	0-0 1-1 2-2 3-5 4-4 5-3 6-6
In 2001 , when Cyrus was eight , she and her family moved to Toronto , in Canada .	En 2001 , alors que Cyrus est âgée de 8 ans , elle et sa famille s' installe à Toronto , au Canada .	0-0 1-1 2-2 3-3 3-4 4-5 5-6 6-7 6-8 6-9 6-10 7-11 8-12 9-13 10-14 11-15 12-16 12-17 13-18 14-19 15-20 16-21 17-21 17-22 18-23
The rate is the number of breaths per minute .	Les nombres correspondent au nombre de pulsations par minute .	0-0 1-1 2-2 3-3 4-4 5-5 6-6 7-7 8-8 9-9
A rapporteur is then appointed to draw up the Committee 's opinion .	Un rapporteur est alors désigné pour élaborer l' avis du Comité .	0-0 1-1 2-2 3-3 4-4 5-5 6-6 7-6 8-7 9-9 9-10 10-9 11-8 12-11
The economic nature of society also changed dramatically .	La nature économique de la société change également énormément .	0-0 1-2 2-1 3-3 4-4 4-5 5-7 6-6 7-8 8-9
Throughout the first half of the 20th century , the city became a world center for industry , commerce , and communication .	Dans la première moitié du XXe siècle , la ville devint un centre d’ envergure internationale , au niveau industriel , commercial et pour les communications .	0-0 1-1 2-2 3-3 4-4 5-4 6-5 7-6 8-7 9-8 10-9 11-10 12-11 13-15 14-12 15-17 15-18 16-19 18-21 20-22 21-24 21-25 22-26
These policies affect basic economic , technological , and ideological structures .	Ces politiques affectent les structures économiques , technologiques , et idéologiques fondamentales .	0-0 1-1 2-2 3-11 4-5 5-6 6-7 7-8 8-9 9-10 10-4 11-12
Present human interference with the nonhuman world is excessive , and the situation is rapidly worsening .	L’interférence humaine actuelle avec le monde non-humain est excessive et nuisible , et la situation empire rapidement .	0-2 1-1 2-0 3-3 4-4 5-6 6-5 7-7 8-8 9-11 10-12 11-13 12-14 13-15 14-16 15-15 16-17
The crusaders decided to attack Damascus from the west , where orchards would provide them with a constant food supply .	Les croisés décidèrent d’ attaquer Damas par l’ ouest , où le verger pourrait leur fournir un approvisionnement alimentaire constant .	0-0 1-1 2-2 3-3 4-4 5-5 6-6 7-7 8-8 9-9 10-10 11-11 11-12 12-13 13-15 14-14 16-16 17-19 18-18 19-17 20-20
Charlemagne built a new camp at Karlstadt .	Charlemagne a construit un nouveau camp à Karlstadt .	0-0 1-1 1-2 2-3 3-4 4-5 5-6 6-7 7-8
The term was originally used in treaties to refer to the withdrawal of enemy troops and the restoration of prewar leadership .	Cette expression était à l' origine employée dans les traités pour se référer à un retrait des troupes ennemies et à la restauration de la souveraineté qui prévalait avant le début du conflit .	0-0 1-1 2-2 3-3 3-4 3-5 4-6 5-7 6-8 6-9 7-10 8-11 8-12 9-13 10-14 11-15 12-16 13-18 14-16 14-17 15-19 16-21 17-22 18-23 19-28 19-29 19-30 19-31 19-32 20-25 21-33
At this time the Russian Orthodox Church was spending $ 100,000 a year for missionary work in North America .	À l’ époque , l' Église Russe Orthodoxe dépensait 100,000 $ par an pour le travail des missionnaires en Amérique du Nord .	0-0 1-1 2-2 3-4 4-6 5-7 6-5 7-8 8-8 9-10 10-9 11-11 12-12 13-13 14-16 14-17 15-14 15-15 16-18 17-20 17-21 18-19 19-22
She raised the children by herself .	Elle a élevé ses fils seule .	0-0 1-1 1-2 2-3 3-4 4-5 5-5 6-6
The Secretary - General is appointed for five years by the Bureau .	Le Secrétaire général est nommé pour cinq ans par le Bureau du .	0-0 1-1 3-2 4-3 5-4 6-5 7-6 8-7 9-8 10-9 11-10 12-12
In 1942 , he published his autobiography , The Secret Life of Salvador Dalí .	En 1942 , il publia son autobiographie , La Vie secrète de Salvador Dalí .	0-0 1-1 2-2 3-3 4-4 5-5 6-6 7-7 8-8 9-10 10-9 11-11 12-12 13-13 14-14
During the night , both armies consolidated their lines .	Pendant la nuit , les deux armées consolidèrent leurs lignes .	0-0 1-1 2-2 3-3 4-5 5-4 5-6 6-7 7-8 8-9 9-10
The town is divided into two distinct parts : the old town and the new town .	La ville est composée de deux parties : la nouvelle ville et l' ancienne ville .	0-0 1-1 2-2 3-3 4-4 5-5 7-6 8-7 9-12 10-13 11-14 12-11 13-8 14-9 15-10 16-15
The High Representative of the Union for Foreign Affairs and Security Policy also takes part in its meetings .	Le haut représentant de l' Union pour les affaires étrangères et la politique de sécurité participe à ses travaux .	0-0 1-1 2-2 3-3 4-4 5-5 6-6 7-9 8-7 8-8 9-10 10-13 10-14 11-11 11-12 13-15 14-15 15-16 16-17 17-18 18-19
They are able to swim fast .	De plus ils peuvent aussi nager très vite .	0-2 1-3 2-3 4-5 5-7 6-8
The process is not completed yet .	Ce processus n' est pas terminé .	0-0 1-1 2-3 3-2 3-4 4-5 6-6
With Jesus ’ sacrifice on the cross , the sins of humans were forgiven , but their sinful nature was not eradicated .	Avec le sacrifice de Jésus sur la croix , les péchés des humains furent pardonnés , mais leur nature pécheresse n' avait pas été éradiquée .	0-0 1-4 2-3 3-1 3-2 4-5 5-6 6-7 7-8 8-9 9-10 10-11 11-12 12-13 13-14 14-15 15-16 16-17 17-19 18-18 19-21 19-23 20-20 20-22 21-24 22-25
After the war he entered politics .	Après la guerre , il entre en diplomatie .	0-0 1-1 2-2 3-4 4-5 5-7 6-8
These common priorities are then taken up in the Employment Guidelines and incorporated into the National Reform Programmes prepared by the individual Member States .	Ces priorités communes sont reprises dans les lignes directrices pour l’ emploi et sont intégrées aux programmes d’ action nationaux préparés par chaque État membre .	0-0 1-2 2-1 3-3 5-4 6-4 7-5 8-6 9-9 9-10 9-11 10-7 10-8 11-12 12-13 12-14 13-15 14-15 15-19 16-17 16-18 17-15 17-16 19-20 19-21 20-22 21-22 22-24 23-23 24-25
Greek olives and olive oil were exported to all parts of the Empire .	Les olives grecques et l' huile d' olive ont été exportées dans tout l' Empire .	0-2 1-0 1-1 2-3 3-6 3-7 4-4 4-5 5-8 5-9 6-10 7-11 8-12 9-12 10-12 11-13 12-14 13-15
The Lisbon Treaty extends the term of office of CoR members from four to five years .	Le traité de Lisbonne porte le mandat des membres du CdR à cinq ans , au lieu de quatre .	0-0 1-2 1-3 2-1 3-4 4-4 5-6 6-6 7-6 8-7 9-10 10-8 11-15 11-16 11-7 12-18 13-11 15-13 16-19
It seems that Nowadays the language is almost extinct .	Il semble que la langue ait à peu près disparu aujourd'hui .	0-0 1-1 2-2 3-10 4-3 5-4 6-5 7-6 7-7 7-8 8-9 9-11
The ESF is managed through seven - year programming cycles .	Le FSE est géré selon des programmes cycliques de sept ans .	0-0 1-1 2-2 3-3 4-4 5-9 7-8 7-10 8-5 8-6 9-7 10-11
The film is based on a true story .	Le film est basé sur une histoire vraie .	0-0 1-1 2-2 3-3 4-4 5-5 6-7 7-6 8-8
The Solar System has been relatively well - studied , initially through telescopes and then later by spacecraft .	Le Système solaire a été relativement bien étudié , d' abord à l' aide de télescopes puis aux moyens de sondes spatiaux .	0-0 1-2 2-1 3-3 4-4 5-5 6-6 8-7 9-8 10-9 10-10 11-11 11-12 11-13 11-14 12-15 13-16 14-16 15-16 16-17 16-18 16-19 17-20 17-21 18-22
Due to the question and answer sets , both authorities can communicate in their own language .	Grâce aux séries de questions-réponses , les deux autorités peuvent communiquer dans leur propre langue .	0-0 1-1 2-1 3-3 3-4 5-4 6-2 7-5 8-7 9-6 9-8 10-9 11-10 12-11 13-12 14-13 15-14 16-15
The unusually high concentration of oxygen gas on Earth is the result of the oxygen cycle .	La concentration importante et inhabituelle de dioxygène sur Terre est le résultat des cycles de l' oxygène .	0-0 1-4 2-2 3-1 4-5 5-6 6-6 7-7 8-8 9-9 10-10 11-11 12-12 13-12 14-14 14-15 14-16 15-12 15-13 16-17
Twelve foreign nationals were killed in the conflict , principally journalists and Bulgarian truck drivers .	Douze étrangers furent tués durant le conflit , principalement des journalistes et des camionneurs Bulgares .	0-0 1-1 2-1 3-2 4-3 5-4 6-5 7-6 8-7 9-8 10-9 10-10 11-11 12-14 13-13 14-12 14-13 15-15
During the autumn of 2001 , Princess lived in London , where she studied English .	Au cours de l' automne 2001 , la princesse a vécu à Londres où elle a étudié l' anglais .	0-0 0-1 0-2 1-3 2-4 4-5 5-6 6-7 6-8 7-9 7-10 8-11 9-12 10-13 12-14 13-15 13-16 14-17 14-18 15-19
A total score of ≤ 2 indicates mild croup .	Un score total de ≤ 2 indique un croup léger .	0-0 1-2 2-1 3-3 4-4 5-5 6-6 7-9 8-7 8-8 9-10
The Allies decided to launch a two - stage invasion .	Les Alliés décidèrent alors de lancer une invasion en deux temps .	0-0 1-1 2-2 3-4 4-5 5-6 6-9 8-10 9-7 10-11
It uses two keys , a public key and a private key .	Il a deux clés : une clé privée et une clé publique .	0-0 1-1 2-2 3-3 4-4 5-5 6-7 7-6 8-8 9-9 10-11 11-10 12-12
It can stay under water for up to 40 minutes .	Il peut rester jusqu' à 40 minutes sous l' eau .	0-0 1-1 2-2 3-7 4-8 4-9 6-3 7-4 8-5 9-6 10-10
Some sharks lose more than 30,000 teeth in their lifetime .	Certains requins perdent plus de 30000 dents durant leur vie .	0-0 1-1 2-2 3-3 4-4 5-5 6-6 7-7 8-8 9-9 10-10
While the rebellion was slowly being defeated , it was equally clear that colonial rule from Britain was no longer sustainable .	Alors que la rébellion est lentement défaite , il est cependant tout aussi clair que la domination coloniale de la Grande-Bretagne n' est plus possible .	0-0 0-1 1-2 2-3 3-4 4-5 5-4 6-6 7-7 8-8 9-9 10-11 10-12 11-13 12-14 13-17 14-15 14-16 15-18 16-19 16-20 17-22 18-21 19-23 20-24 21-25
All candidates have to be approved by the Guardian Council .	Tous les candidats doivent avoir été approuvés par le Conseil des Gardiens .	0-0 1-1 1-2 2-3 3-3 4-4 4-5 5-6 6-7 7-8 8-10 8-11 9-9 10-12
The state 's capital is Baton Rouge , and its largest city is New Orleans .	Sa capitale est Baton Rouge et sa plus grande ville est La Nouvelle-Orléans .	0-0 3-1 4-2 5-3 6-4 8-5 9-6 10-7 10-8 11-9 12-10 13-12 14-11 14-12 15-13
The first meeting of the new Parliament took place on 12 May 1999 .	La première séance du parlement a eu lieu le 12 mai 1999 .	0-0 1-1 2-2 3-3 4-3 6-4 7-5 7-6 8-7 10-8 10-9 11-10 12-11 13-12
He believed that his priests were more than adequate for the needs of the Ukrainian population .	Il croyait que ces prêtres étaient plus que qualifiés pour répondre aux besoins de la population ukrainienne .	0-0 1-1 2-2 3-3 4-4 5-5 6-6 7-7 8-8 9-9 10-11 11-12 12-13 13-14 14-16 15-15 16-17
A practical example of an information request is when a German teacher would like to continue his activities in Portugal .	Un exemple pratique d’ une demande d’ information : un professeur allemand souhaite poursuivre son activité au Portugal .	0-0 1-2 2-1 3-3 4-4 5-6 5-7 6-5 7-8 8-8 9-9 10-11 11-10 12-12 13-12 14-13 15-13 16-14 17-15 18-16 19-17 20-18
There is also a small airport .	Il y a également un petit aéroport .	0-0 0-1 1-2 2-3 3-4 4-5 5-6 6-7
A peace between the Duchy and the Eastern Empire was signed in 680 .	En 680 la paix est signée entre le duché et l' Empire d' Orient .	0-2 1-3 2-6 3-7 4-8 5-9 6-10 7-12 7-13 8-11 9-4 10-5 11-0 12-1 13-14
This fear is not without grounds .	Cette appréhension n' est pas sans fondement .	0-0 1-1 2-3 3-2 3-4 4-5 5-6 6-7
The palazzo is now the largest museum complex in Florence .	Le palais Pitti est aujourd'hui le plus grand ensemble de musées de Florence .	0-0 1-1 2-3 3-4 4-5 5-6 5-7 6-9 6-10 7-8 8-11 9-12 10-13
The French chemist Antoine Laurent Lavoisier later claimed to have discovered the new substance independently .	Le chimiste français Antoine Laurent Lavoisier déclare plus tard avoir découvert cette nouvelle substance indépendamment .	0-0 1-2 2-1 3-3 4-4 5-5 6-7 6-8 7-6 8-9 9-9 10-10 11-11 12-12 13-13 14-14 15-15
Estonia has won the contest once in 2001 with the song " Everybody " performed by Tanel Padar , Dave Benton and 2XL .	L' Estonie a remporté le concours à une reprise , en 2001 , avec la chanson Everybody , interprétée par Tanel Padar , Dave Benton et 2XL .	0-0 0-1 1-2 2-3 3-4 4-5 5-6 5-7 5-8 6-10 7-11 8-13 9-14 10-15 12-16 14-18 15-19 16-20 17-21 18-22 19-23 20-24 21-25 22-26 23-27
So Jesus has two natures , one human and one divine .	Le Christ est constitué de deux natures , une nature humaine et une nature divine .	1-0 1-1 2-2 2-3 2-4 3-5 4-6 5-7 6-8 6-9 7-10 8-11 9-12 9-13 10-14 11-15
And he owned many Real Estate properties .	Il acquiet de nombreux biens immobiliers .	1-0 2-1 3-3 4-5 5-5 6-2 6-4 7-6
Her performance earned her a Young Artist Award .	Ce performance lui a permis d' obtenir un Young Artist Awards .	0-0 1-1 2-3 2-4 2-5 2-6 3-2 4-7 5-8 6-9 7-10 8-11
The list is published annually by Fortune magazine .	Cette liste est publiée annuellement par le magazine Fortune .	0-0 1-1 2-2 3-3 4-4 5-5 6-8 7-6 7-7 8-9
At the end of the Forum , the participants followed the tradition of attending the UEFA Champions League Final .	À la fin du Forum , les participants ont respecté la tradition en assistant à la finale de la Ligue des champions de l' UEFA .	0-0 1-1 2-2 3-3 4-3 5-4 6-5 7-6 8-7 9-8 9-9 10-10 11-11 12-12 13-13 14-15 15-22 15-23 15-24 16-20 16-21 17-17 17-18 17-19 18-16 19-25
